업종,상호,시설주소(도로명),시설전화번호
수영장업,잠실실내수영장,"서울특별시 송파구 올림픽로 25 (잠실동, 종합운동장)",2240-8751(8780~1)
수영장업,롯데호텔 실내수영장,"서울특별시 송파구 올림픽로 240, 5층 (잠실동, 롯데호텔)",419-7000
수영장업,한강공원 잠실수영장,"서울특별시 송파구 한가람로 65 (잠실동, 한강사업본부 잠실안내센터)",
수영장업,아쿠아키즈,"서울특별시 송파구 삼전로 지하 95 (잠실동, 태성빌딩)",417-7845
수영장업,에이치투오 어린이수영장,서울특별시 송파구 오금로 233 (방이동),470-1415
수영장업,키즈마린 워터파크,서울특별시 송파구 삼전로 81 (잠실동),
수영장업,(주)스위스키즈베어,서울특별시 송파구 삼학사로 99 (삼전동),24177555
수영장업,더블유엘지 문정,"서울특별시 송파구 문정로 83 (문정동, 문정래미안아파트)",02-407-1888
수영장업,키즈웨일즈,서울특별시 송파구 동남로 207 (가락동),02-3012-0707
수영장업,엘에스(LS),"서울특별시 송파구 토성로 78 (풍납동, 정민빌딩)",
수영장업,킨더스윔,"서울특별시 송파구 양재대로72길 17 (오금동, 현대백조아파트)",02-403-6465
수영장업,비바스포츠센타,"서울특별시 송파구 오금로15길 5-12 (방이동, 정환빌딩)",
수영장업,블루라군,"서울특별시 송파구 동남로 189, 쌍용프라자 지하2층 (가락동)",24821001
체육도장업,용인대 태권도장,"서울특별시 송파구 한가람로16길 7, 205,206호 (풍납동)",
체육도장업,통일태권도장,서울특별시 송파구 올림픽로4길 40 (잠실동),423-1920
체육도장업,우일태권도장,서울특별시 송파구 토성로 38-4 (풍납동),475-5200
체육도장업,태비태권도,"서울특별시 송파구 양재대로 1222 (방이동, 올림픽프라자)",404-0600
체육도장업,올림픽검도교실(올림픽제1체육관스포츠교실),서울특별시 송파구 올림픽로 424 (방이동),410-1626
체육도장업,송무검도관,서울특별시 송파구 송파대로43길 16 (석촌동),424-1979
체육도장업,MTA 청목 태권도,"서울특별시 송파구 동남로18길 43 (가락동, 혜성빌딩)",
체육도장업,가동태권도,서울특별시 송파구 중대로20길 49 (가락동),404-6525
체육도장업,승민태권도체육도장,서울특별시 송파구 백제고분로22길 8 (삼전동),413-1416
체육도장업,월드태권도,"서울특별시 송파구 올림픽로35길 112 (신천동, 장미아파트 비상가)",414-2098
체육도장업,태권도상무체육관,"서울특별시 송파구 가락로11길 11, 2층 (석촌동)",413-7830
체육도장업,한국체대 탑 태권도장,서울특별시 송파구 올림픽로12길 54 (잠실동),
체육도장업,우일,서울특별시 송파구 토성로 38-6 (풍납동),475-9001
체육도장업,현무태권도체육관,"서울특별시 송파구 마천로57길 8, 3층 (마천동)",
체육도장업,단무태권도장,서울특별시 송파구 삼학사로12길 14 (석촌동),417-8512
체육도장업,원도태권도,서울특별시 송파구 풍성로 65 (풍납동),476-4141
체육도장업,쌍용태권도장,서울특별시 송파구 동남로 189 (가락동),409-0600
체육도장업,비호체육관,서울특별시 송파구 성내천로 305 (마천동),449-4452
체육도장업,왕호태권도장,"서울특별시 송파구 토성로 65 (풍납동, 태양상가)",
체육도장업,태권도대명체육관,서울특별시 송파구 잠실로 15 (잠실동),420-1596
체육도장업,상아태권도,"서울특별시 송파구 오금로 407, 208호 (오금동)",
체육도장업,용인대 방이태권도,"서울특별시 송파구 백제고분로50길 35 (방이동, 정원빌딩)",419-4189
체육도장업,양문체육관,서울특별시 송파구 새말로 142 (문정동),408-9236
체육도장업,잠실유도회관,서울특별시 송파구 올림픽로12길 54 (잠실동),424-0715
체육도장업,홍익체육관,"서울특별시 송파구 성내천로23길 22, 2층 (마천동)",449-1566
체육도장업,용사경희체육관,서울특별시 송파구 토성로 26 (풍납동),470-6740
체육도장업,STS한국체대태권도,서울특별시 송파구 중대로 24 (문정동),
체육도장업,서울태권도체육관,"서울특별시 송파구 송파대로32길 8, 정문 상가동 2층 (가락동, 가락우성아파트)",400-2008
체육도장업,대한태권도장,"서울특별시 송파구 백제고분로50길 43, 3층 303호 (방이동)",
체육도장업,태권도사관학교효체육관,서울특별시 송파구 성내천로 223 (마천동),400-5434
체육도장업,거원태권도장,"서울특별시 송파구 양산로4길 13, 5층 (거여동)",404-1888
체육도장업,태극무술원,서울특별시 송파구 올림픽로12길 25 (잠실동),
체육도장업,포올 태권도 운동발달 센터,"서울특별시 송파구 양재대로72길 17 (오금동, 현대백조아파트)",448-7983
체육도장업,문정태권도체육관,"서울특별시 송파구 송이로34길 61, 2층 (문정동)",
체육도장업,검도풍납본관,서울특별시 송파구 토성로15길 3-3 (풍납동),479-2844
체육도장업,아이캔태권도장,"서울특별시 송파구 송이로14길 3, 2층 (가락동)",
체육도장업,위너스 태권아카데미,"서울특별시 송파구 문정로 83 (문정동, 문정래미안아파트)",
체육도장업,경희체육관,서울특별시 송파구 백제고분로42길 16 (송파동),
체육도장업,캡틴 태권도,서울특별시 송파구 거마로9길 19 (거여동),400-5336
체육도장업,아이사랑체육관,서울특별시 송파구 동남로14길 15 (가락동),401-5338
체육도장업,삼전경희태권도,서울특별시 송파구 백제고분로28길 20 (삼전동),
체육도장업,운암검도교실,"서울특별시 송파구 중대로9길 50, 지하1층 (가락동)",431-1711
체육도장업,원도 체육관,"서울특별시 송파구 가락로 176, 2층 (송파동)",416-5333
체육도장업,경희 태권도,"서울특별시 송파구 오금로32길 28, 4층 (송파동)",416-1162
체육도장업,경희대 파란 태권도 체육관,"서울특별시 송파구 송파대로37길 30-1, 2층 (석촌동)",421-2003
체육도장업,경희대 우성 태권도장,서울특별시 송파구 백제고분로18길 26 (잠실동),424-2206
체육도장업,승관유도관,"서울특별시 송파구 송이로17길 50-28, 지하1층 (가락동)",400-8819
체육도장업,경희대 태권도 아이토리짐,"서울특별시 송파구 오금로57길 3-4, 2층 (거여동)",
체육도장업,용인대 코리아 태권도,"서울특별시 송파구 오금로35길 17 (오금동, 현대아파트)",409-0914
체육도장업,용인대파란태권도,"서울특별시 송파구 중대로 24 (문정동, 올림픽훼밀리타운)",3012-7373
체육도장업,강인태권도체육관,"서울특별시 송파구 마천로15길 2, 3층 (오금동)",3401-6943
체육도장업,용인대월드태권도장,"서울특별시 송파구 양산로4길 9, 3층 (거여동)",409-6444
체육도장업,성 현무태권도,"서울특별시 송파구 삼학사로19길 28 (삼전동, 캔쇼빌딩)",419-3199
체육도장업,삼전원도체육관,"서울특별시 송파구 백제고분로 231, 3층 (삼전동)",
체육도장업,한체대원도,서울특별시 송파구 석촌호수로 135 (잠실동),02-2174-1919
체육도장업,송파동아권투체육관,"서울특별시 송파구 오금로46길 3, 3층 (가락동)",449-6117
체육도장업,스타복싱 체육관,서울특별시 송파구 백제고분로 135 (잠실동),
체육도장업,중앙유도,서울특별시 송파구 백제고분로 144 (잠실동),408-8081
체육도장업,원도태권도,"서울특별시 송파구 백제고분로48길 44 (방이동, 동보빌딩)",
체육도장업,경찰태권도 & 파워점핑,"서울특별시 송파구 오금로40길 40, 지하1층, 지상2층 (가락동)",
체육도장업,JS아이사랑태권도장,서울특별시 송파구 석촌호수로 82 (잠실동),
체육도장업,개롱효태권도장,"서울특별시 송파구 문정로 197, 지하1층 (오금동)",2043-1888
체육도장업,용인대백호태권도장,"서울특별시 송파구 동남로18길 35, 2층 (가락동)",430-1126
체육도장업,힘찬태권도,서울특별시 송파구 충민로2길 26 (장지동),430-9109
체육도장업,백제검도관,"서울특별시 송파구 오금로31길 22, 4층 (방이동)",
체육도장업,충무태권도,서울특별시 송파구 마천로45길 8 (마천동),406-9030
체육도장업,태비태권도 삼전체육관,"서울특별시 송파구 백제고분로 231, 3층 (삼전동)",423-2446
체육도장업,한국체대 태권도 잠실 체육관,"서울특별시 송파구 올림픽로 435, 5층 (신천동)",414-8530
체육도장업,KTI한울태권도,서울특별시 송파구 문정로 55 (문정동),2043-1232
체육도장업,연세월드태권도,서울특별시 송파구 백제고분로40길 14 (석촌동),424-6273
체육도장업,경희대 태권도 교육관,"서울특별시 송파구 올림픽로35길 10, 4층 412호 (신천동, 파크리오)",
체육도장업,540태권도장,서울특별시 송파구 올림픽로 119 (잠실동),417-3367
체육도장업,경희대 잠현 태권도,"서울특별시 송파구 올림픽로 435, A동 5층 512호 (신천동)",
체육도장업,서울시 대표 태권도,"서울특별시 송파구 백제고분로44길 3 (송파동, 비봉실업)",02-3432-7989
체육도장업,용인대그린체육관,"서울특별시 송파구 석촌호수로 61 (잠실동, 트리지움)",
체육도장업,최정규 체육관,"서울특별시 송파구 백제고분로 453, 지하1층 (방이동)",
체육도장업,무 검도관,"서울특별시 송파구 오금로64길 3, 지하1층 (거여동)",
체육도장업,해동검도도장,서울특별시 송파구 중대로 245 (오금동),
체육도장업,송파 화이트타이거 태권도,"서울특별시 송파구 가락로28길 9, 3층 (송파동)",
체육도장업,석촌경희대태권스쿨스포츠클럽,서울특별시 송파구 가락로 82-401 (석촌동),
체육도장업,리더어린이스포츠클럽,"서울특별시 송파구 석촌호수로 61 (잠실동, 트리지움)",
체육도장업,커브스 잠실클럽,서울특별시 송파구 올림픽로12길 23 (잠실동),02-415-3070
체육도장업,잠실복싱클럽,"서울특별시 송파구 백제고분로22길 3, 3층 (삼전동)",
체육도장업,아성태권도,서울특별시 송파구 백제고분로12길 11 (잠실동),
체육도장업,아름찬코리아,"서울특별시 송파구 백제고분로36길 2-1, 4층 (석촌동)",
체육도장업,아이킹스태권도,서울특별시 송파구 동남로 198 (가락동),
체육도장업,문정검도관,"서울특별시 송파구 문정로 11, 지하1층 (문정동)",
체육도장업,A탑 복싱 체육관,서울특별시 송파구 백제고분로 245 (삼전동),419-5368
체육도장업,골든킥태권도,"서울특별시 송파구 새말로 136, 2층 (문정동)",400-8777
체육도장업,륜태권도장송파점,서울특별시 송파구 마천로 184 (오금동),
체육도장업,용인대태권쏭아카데미(태권도장),"서울특별시 송파구 올림픽로 145, 리센츠 4층 (잠실동)",02-417-3367
체육도장업,선시검도관,서울특별시 송파구 백제고분로45길 34 (송파동),
체육도장업,티앤티태권도장,"서울특별시 송파구 올림픽로 145, 5층 (잠실동)",424-1707
체육도장업,신천스타복싱,"서울특별시 송파구 올림픽로12길 21, 4층 (잠실동)",425-4002
체육도장업,이종석복싱클럽,"서울특별시 송파구 새말로 100 (문정동, 해승빌딩)",
체육도장업,하나복싱클럽,서울특별시 송파구 백제고분로17길 54 (잠실동),
체육도장업,백호타이거즈태권도,서울특별시 송파구 충민로2길 28 (장지동),400-5494
체육도장업,경희무술스쿨,"서울특별시 송파구 올림픽로35길 112 (신천동, 장미아파트 비상가)",
체육도장업,잠실복싱클럽2호점,서울특별시 송파구 송파대로 286 (가락동),417-8224
체육도장업,한미 태권도,"서울특별시 송파구 오금로57길 3-4, 2층 (거여동)",
체육도장업,용인대토성태권도장,서울특별시 송파구 토성로 21 (풍납동),
체육도장업,용인대 탑 복싱,서울특별시 송파구 올림픽로35길 94 (신천동),
체육도장업,에이스 유도체육관,"서울특별시 송파구 오금로 195, 대원빌딩 4층 (방이동)",
체육도장업,마천복싱클럽,"서울특별시 송파구 성내천로 142, 3층 (거여동)",
체육도장업,서울Y유도 체육관,"서울특별시 송파구 동남로 215, 지하1층 (가락동)",
체육도장업,복싱바이러스2,"서울특별시 송파구 백제고분로48길 10, 지하1층 (방이동)",02-6097-1282
체육도장업,열린복싱클럽,"서울특별시 송파구 마천로 61, 4층 (오금동)",02-404-1330
체육도장업,퍼스트 태권도장,서울특별시 송파구 위례광장로 199 (장지동),
체육도장업,최정규종합체육관,서울특별시 송파구 백제고분로 468-1 (방이동),02-424-7989
체육도장업,선비태권도,"서울특별시 송파구 충민로2길 28, 4층 (장지동)",
체육도장업,바른자세 권성세 유도관,서울특별시 송파구 오금로 485 (거여동),
체육도장업,더 나인짐,"서울특별시 송파구 백제고분로46길 43, 오성빌딩 2층 (송파동)",
체육도장업,나르샤 태권도,"서울특별시 송파구 마천로57길 12, 2층 (마천동)",02-400-1641
체육도장업,골든킥 키즈 짐,서울특별시 송파구 새말로 134 (문정동),3401-8777
체육도장업,광호체육관,"서울특별시 송파구 마천로41길 32, 지하층 (마천동)",02-448-8268
체육도장업,풍납검도관,"서울특별시 송파구 토성로 40, 지하1층 (풍납동)",
체육도장업,피스트짐,"서울특별시 송파구 석촌호수로 188, 지하층 B205,206호 (석촌동, 신동아로쟌뷰)",
체육도장업,잠실복싱다이어트,"서울특별시 송파구 백제고분로 173, 조양빌딩 (잠실동)",
체육도장업,STG,"서울특별시 송파구 올림픽로 119, 3층 3B01,3B02호 (잠실동, 잠실파인애플상가)",
체육도장업,화이트타이거 태권도장,"서울특별시 송파구 가락로36길 7, 2층 (방이동)",02-416-7277
체육도장업,선비태권도,"서울특별시 송파구 위례광장로 188 (장지동, 아이온스퀘어)",
체육도장업,드림유도체육관,"서울특별시 송파구 새말로 152-1, 2층 (문정동, 인성캐터링)",
체육도장업,정진체육관,"서울특별시 송파구 거마로 47 (거여동, 거목빌딩)",
체육도장업,바오짐,"서울특별시 송파구 동남로 105 (가락동, 덕암빌딩)",
체육도장업,PUNCH FACTORY,서울특별시 송파구 정의로8길 13 (문정동),
체육도장업,한국유도원,"서울특별시 송파구 위례성대로12길 13, 현재어학원 (방이동)",02-782-0978
체육도장업,에스 Fit academy,"서울특별시 송파구 새말로8길 28, 지하1층 (문정동)",02-407-1365
체육도장업,이순신 체육관,"서울특별시 송파구 가락로 95, 영진빌딩 3층 (석촌동)",02-419-4431
체육도장업,송파복싱클럽,"서울특별시 송파구 송파대로38길 5, 4층 (송파동)",02-422-1282
체육도장업,용인대 헬리오 태권도,"서울특별시 송파구 송파대로37길 70, 203호 (석촌동)",
체육도장업,헬리오 퍼스트 태권도,"서울특별시 송파구 송파대로 345, A동 3층 43, 44, 46호 (가락동, 헬리오시티)",
체육도장업,김일권 챔프복싱,"서울특별시 송파구 가락로 114, 신우빌딩 지하1층 (석촌동)",24234318
체육도장업,잠실레벨업복싱,"서울특별시 송파구 석촌호수로 138, 3층 302호 (삼전동)",1073321832
체육도장업,한미태권도,"서울특별시 송파구 오금로31길 22, 석도빌딩 3층 (방이동)",
체육도장업,Booster9(부스터9),서울특별시 송파구 마천로 13 (방이동),02-2203-9954
체육도장업,펀 태권도장,"서울특별시 송파구 위례순환로 478, 센트라포레 5층 504~507호 (장지동)",
체육도장업,골드 레슬링 클럽,"서울특별시 송파구 백제고분로40길 4, 옥당빌딩 지하1층 (석촌동)",
체육도장업,파이트핏,"서울특별시 송파구 백제고분로42길 14, 지하층 (송파동)",
체육도장업,백호 합기도 본관,"서울특별시 송파구 양산로 12, 세신거여훼미리타운 3층 311호~314호,320호~322호 (거여동)",
체육도장업,코너짐,"서울특별시 송파구 올림픽로 119, 잠실파인애플상가 3층 3B07호 (잠실동)",
체육도장업,화랑 합기도 특공무술,"서울특별시 송파구 백제고분로 332, 3층 (석촌동)",
체육도장업,백호합기도3관,"서울특별시 송파구 거마로 62, 효명빌딩 5층 (마천동)",
체육도장업,백호 합기도 1관,"서울특별시 송파구 성내천로 77, 옥천빌딩 2층 (오금동)",
체육도장업,진중관 정무 합기도,"서울특별시 송파구 새말로 144, 그린빌딩 2층 (문정동)",
체육도장업,원투복싱체육관,"서울특별시 송파구 마천로 263, 3층 (마천동)",
체육도장업,힛더짐 2호점,"서울특별시 송파구 백제고분로40길 4, 옥당빌딩 지하 1층 (석촌동)",
체육도장업,품다태권도장,"서울특별시 송파구 중대로20길 16, 2층 (가락동)",
체육도장업,힛더짐 3호점,"서울특별시 송파구 위례성대로20길 33, 삼광빌딩 지하1층 (오금동)",
체육도장업,ICT 태권도,"서울특별시 송파구 송이로14길 3, 2층 (가락동)",
체육도장업,권창재복싱클럽,"서울특별시 송파구 오금로 540, 윤정빌딩 4층 (거여동)",02-429-4037
볼링장,대한볼링협회볼링경기장,,
볼링장,신진볼링장,,404-7449
골프연습장업,동주(실외),서울특별시 송파구 오금로11길 44 (방이동),422-3456
골프연습장업,롯데호텔 골프연습장,서울특별시 송파구 올림픽로 240 (잠실동),419-7000
골프연습장업,G골프스튜디오,서울특별시 송파구 오금로31길 19 (방이동),
골프연습장업,잠실골프연습장(실외),서울특별시 송파구 백제고분로11길 10 (잠실동),424-2431
골프연습장업,건영골프연습장,서울특별시 송파구 새말로8길 14 (문정동),
골프연습장업,실내골프연습장,서울특별시 송파구 올림픽로 25 (잠실동),
골프연습장업,그린골프연습장,서울특별시 송파구 백제고분로 262 (삼전동),
골프연습장업,포시즌스크린골프,"서울특별시 송파구 오금로 204, 지하1층 (송파동)",418-5022
골프연습장업,아넥스골프스쿨(실외),서울특별시 송파구 오금로19길 5 (방이동),420-0606
골프연습장업,뉴원골프스쿨,서울특별시 송파구 올림픽로 505 (풍납동),477-6441
골프연습장업,산성골프연습장,서울특별시 송파구 거마로 13 (거여동),408-8554
골프연습장업,온그린골프아카데미,"서울특별시 송파구 올림픽로4길 32 (잠실동, 꿈밭유치원)",421-7254
골프연습장업,가락골프아카데미,서울특별시 송파구 동남로 165 (가락동),443-6093
골프연습장업,김프로 골프존 아카데미,"서울특별시 송파구 가락로 205 (송파동, 송림빌딩)",424-8884
골프연습장업,이글골프스쿨,"서울특별시 송파구 마천로8길 1, 지하1층 (오금동)",406-2898
골프연습장업,올림픽골프교실,서울특별시 송파구 올림픽로 424 (방이동),410-1626
골프연습장업,맥스골프스쿨,"서울특별시 송파구 양산로 14 (거여동, 세신거여종합상가)",409-5430
골프연습장업,한양골프크리닉스쿨,서울특별시 송파구 위례성대로 184 (오금동),430-5816
골프연습장업,현대골프스쿨,서울특별시 송파구 석촌호수로 134 (삼전동),
골프연습장업,오륜골프스쿨,"서울특별시 송파구 마천로 79, 지하1층 (오금동)",407-4992
골프연습장업,황제골프클럽,"서울특별시 송파구 성내천로6길 1, 지하1층 (오금동)",430-2098
골프연습장업,그린골프연습장,서울특별시 송파구 마천로41길 27 (마천동),406-6667
골프연습장업,코레스코골프클럽,"서울특별시 송파구 위례성대로 180, 지하1층 (오금동)",406-6464
골프연습장업,한성기업(주)르네상스 휘트니스 클럽,서울특별시 송파구 오금로 307 (오금동),
골프연습장업,비전골프연습장,서울특별시 송파구 삼전로2길 1 (삼전동),423-3935
골프연습장업,골프사랑,"서울특별시 송파구 위례성대로18길 32, 지하1층 (방이동)",417-4550
골프연습장업,마스타골프연습장,서울특별시 송파구 동남로 286 (오금동),449-1463
골프연습장업,에이스골프연습장,"서울특별시 송파구 오금로31길 27, 지하1층 (방이동)",415-0178
골프연습장업,스마트골프아카데미,서울특별시 송파구 마천로 76 (오금동),408-5838
골프연습장업,골프아이 맞춤골프피팅센터,"서울특별시 송파구 올림픽로 525, 지하1층 (풍납동)",483-2237
골프연습장업,이글골프연습장,"서울특별시 송파구 오금로36길 63, 지하1층 (가락동)",3401-1247
골프연습장업,청솔골프클리닉,"서울특별시 송파구 백제고분로 237, 지하1층 (삼전동)",3432-3823
골프연습장업,"골프아카데미""We""",서울특별시 송파구 가락로 236 (방이동),413-8236
골프연습장업,이글골프아카데미,서울특별시 송파구 강동대로7길 3 (풍납동),484-8141
골프연습장업,짐퍼스트 휘트니스,"서울특별시 송파구 토성로 78 (풍납동, 정민빌딩)",488-4002
골프연습장업,현골프아카데미,"서울특별시 송파구 오금로31길 11, 지하1층 (방이동)",
골프연습장업,겟인더홀,"서울특별시 송파구 동남로18길 40, 지하1층 (가락동)",
골프연습장업,버디스크린골프존,"서울특별시 송파구 위례성대로 158, 지하1층 (오금동)",400-6680
골프연습장업,로드훠(그린연습장),"서울특별시 송파구 백제고분로 196, 지하1층 (삼전동)",415-0707
골프연습장업,다담 GOLF Lounge,"서울특별시 송파구 마천로 251, 지하1층 (마천동)",407-7083
골프연습장업,에이원골프아카데미,"서울특별시 송파구 새말로8길 14, 지하1층 (문정동)",
골프연습장업,SBS골프아카데미,"서울특별시 송파구 동남로 272, 지하1층 (오금동)",431-1100
골프연습장업,극동골프,서울특별시 송파구 동남로18길 9 (가락동),403-0753
골프연습장업,JJ스크린골프존,"서울특별시 송파구 오금로 526, 3층 (거여동)",407-0216
골프연습장업,삼성골프스쿨,"서울특별시 송파구 새말로8길 9, 지하1층 (문정동)",
골프연습장업,공원골프연습장(실외),"서울특별시 송파구 백제고분로 503, 6층 (방이동)","422-4805,6"
골프연습장업,나이스골프연습장,"서울특별시 송파구 송파대로38길 5, 지하1층 (송파동)",412-7764
골프연습장업,한길골프스쿨,"서울특별시 송파구 올림픽로 366, 지하2층 (방이동)",421-0777
골프연습장업,오클랜드골프아카데미,"서울특별시 송파구 석촌호수로 160, 지하1층 (삼전동)",2203-2124
골프연습장업,마크짐,"서울특별시 송파구 오금로 111 (방이동, 세기빌딩)",412-6627
골프연습장업,준스크린골프 아카데미,"서울특별시 송파구 송파대로30길 39, 지하1층 B01호 (가락동, 종원빌딩)",
골프연습장업,방이스크린골프,"서울특별시 송파구 위례성대로 48, 지하1층 (방이동)",
골프연습장업,골프다이제스트아카데미,"서울특별시 송파구 중대로 60-6, 지하1층 (문정동)",431-1887
골프연습장업,F.m골프아카데미,"서울특별시 송파구 동남로4길 12, 지하1층 (문정동)",400-0751
골프연습장업,B.S인토스크린골프아카데미,"서울특별시 송파구 송이로 88, 지하1층 (가락동)",400-0875
골프연습장업,(주)옵티멈(실내외),"서울특별시 송파구 올림픽로35가길 16 (신천동, 송파 FUN STADIUM)",2240-4600
골프연습장업,US Golf 스쿨,"서울특별시 송파구 양산로 11, 2층 (거여동)",
골프연습장업,(주)인어스휘트니스 잠실점,"서울특별시 송파구 올림픽로 74, 지하2층 (잠실동)",
골프연습장업,A-Top골프,서울특별시 송파구 동남로18길 45 (가락동),
골프연습장업,로얄 스크린골프,"서울특별시 송파구 석촌호수로 130, 지하1층 (삼전동)",420-7974
골프연습장업,우주 스크린골프,"서울특별시 송파구 석촌호수로 92, 지하1층 (잠실동)",424-6118
골프연습장업,King's 스크린골프,"서울특별시 송파구 마천로7길 6, 지하1층 (오금동)",402-0753
골프연습장업,올림픽 스크린골프,"서울특별시 송파구 중대로 306, 지하1층 (오금동)",409-1037
골프연습장업,올림픽 골프존,"서울특별시 송파구 중대로 317, 지하1층 (오금동)",448-0755
골프연습장업,골프존 포미나 로코코,"서울특별시 송파구 백제고분로 75, 지하2층 (잠실동)",6471-9017
골프연습장업,레미안스크린골프,"서울특별시 송파구 송이로 194 (문정동, 레미안빌딩)",402-4473
골프연습장업,골프존 송파스크린,서울특별시 송파구 백제고분로19길 4 (잠실동),2202-7020
골프연습장업,송파 골프연습장,"서울특별시 송파구 가락로28길 15, 지하1층 (송파동)",408-4600
골프연습장업,제이디골프,"서울특별시 송파구 도곡로 454 (잠실동, 정도빌딩)",425-0905
골프연습장업,로얄스크린골프,"서울특별시 송파구 백제고분로 446, 지하1층 (방이동)",538-1585
골프연습장업,문스크린골프존,"서울특별시 송파구 송파대로27길 30, 3층 (문정동)",2043-5661
골프연습장업,스타리버 유스포츠,"서울특별시 송파구 올림픽로35길 93 (신천동, 더샵스타리버)",
골프연습장업,상떼스크린골프,"서울특별시 송파구 송파대로28길 27, 지하1층 (가락동)",401-0770
골프연습장업,래미안스크린골프,"서울특별시 송파구 동남로 227, 지하1층 (가락동)","404-7757,8"
골프연습장업,스타칼리 휘트니스,"서울특별시 송파구 오금로 306, 지하1층 (가락동)",425-6555
골프연습장업,가윤스크린골프,"서울특별시 송파구 송이로 157 (가락동, 가윤웨딩뷔페)",409-5700
골프연습장업,FEEL 스크린골프,"서울특별시 송파구 가락로 183, 1층 (송파동)",
골프연습장업,신천 스크린골프,"서울특별시 송파구 백제고분로17길 56, 지하1층 (잠실동)",413-0753
골프연습장업,알파고 골프존 방이점,"서울특별시 송파구 오금로11길 33, 2층 (방이동)",425-0768
골프연습장업,엠파이어 휘트니스,서울특별시 송파구 석촌호수로 93 (잠실동),
골프연습장업,골프존 평화의문 스크린골프,"서울특별시 송파구 올림픽로 374, 지하1층 (방이동)",421-8807
골프연습장업,J 스크린골프존,"서울특별시 송파구 올림픽로 203, 지하1층 (잠실동)",
골프연습장업,Y골프아카데미,서울특별시 송파구 백제고분로 139 (잠실동),
골프연습장업,TK 휘트니스 앤 컴퍼니,"서울특별시 송파구 송파대로28길 13 (가락동, 거북이빌딩)",
골프연습장업,원탑스크린골프,"서울특별시 송파구 문정로 259, 지하1층 (오금동)",
골프연습장업,NC 골프연습장,"서울특별시 송파구 새말로8길 20, 지하2층 (문정동)",
골프연습장업,에스비 짐,"서울특별시 송파구 중대로 135 (가락동, 아이티벤처타워)",
골프연습장업,캡틴골프아카데미,"서울특별시 송파구 송이로 108 (가락동, KR 타워)",
골프연습장업,버디스크린골프,서울특별시 송파구 송파대로45길 3-24 (석촌동),
골프연습장업,다인골프클럽,"서울특별시 송파구 위례성대로20길 32 (오금동, 명현빌딩)",
골프연습장업,OK 스크린골프,서울특별시 송파구 동남로20길 24 (가락동),406-3588
골프연습장업,KPGA골프아카데미,"서울특별시 송파구 오금로32길 28, 지하1층 (송파동)",070-4419-3358
골프연습장업,탑스크린골프존,"서울특별시 송파구 중대로 지하 150 (가락동, 백암빌딩)",404-0999
골프연습장업,정광수골프연습장,"서울특별시 송파구 문정로11길 24, 지하1층 (가락동)",070-7559-7042
골프연습장업,하버드골프연습장,"서울특별시 송파구 가락로 23, 지하1층 (석촌동)",417-8803
골프연습장업,스타골프,서울특별시 송파구 새말로 142 (문정동),
골프연습장업,위더스 스포츠,"서울특별시 송파구 오금로32길 30, 지하1층 (송파동)",
골프연습장업,모비딕스크린골프(잠실),"서울특별시 송파구 오금로11길 7, 지하1층층 (방이동)",412-3363
골프연습장업,메이저골프클럽,"서울특별시 송파구 중대로 24, 지하1층 (문정동)",
골프연습장업,스카이스크린골프,"서울특별시 송파구 올림픽로 82, B1호 (잠실동)",02-417-0753
골프연습장업,잠실 골프러버,"서울특별시 송파구 올림픽로35길 104, B동 502호 (신천동, 장미상가)",02)2202-7800
골프연습장업,원 골프아카데미,"서울특별시 송파구 백제고분로 263, 지하1,2층 (삼전동)",02-415-1871
골프연습장업,스카이골프,서울특별시 송파구 송이로31길 6 (문정동),02-403-0010
골프연습장업,석촌 핑클 스크린골프장,"서울특별시 송파구 백제고분로39길 30 (석촌동, 성화빌딩)",02-425-5958
골프연습장업,골프랜드,"서울특별시 송파구 백제고분로18길 25, 지층 (잠실동)",
골프연습장업,문정U골프아카데미,"서울특별시 송파구 송파대로16길 3, 지하1층 (문정동, 에이스빌딩)",02-6402-0090
골프연습장업,SG스크린골프가락점,"서울특별시 송파구 양재대로62길 21-1, 지하1층 (가락동, 범창빌딩)",02-430-3548
골프연습장업,파크하비오휘트니스&골프,"서울특별시 송파구 송파대로 111, 하비오길 중앙로 202동 202, B01호 (문정동, 파크하비오)",02-6925-2900
골프연습장업,한양골프,"서울특별시 송파구 가락로 183, 상가동 2층층 46,50~55호호 (송파동, 한양아파트)",02-3431-1009
골프연습장업,가락투엑스골프,"서울특별시 송파구 중대로 135 (가락동, 아이티벤처타워)",
골프연습장업,JM스크린골프,"서울특별시 송파구 성내천로47길 23, 3층 (마천동, 경진빌딩)",02-400-0753
골프연습장업,모비딕스크린골프,"서울특별시 송파구 거마로 14 (거여동, 청송빌딩)",02-403-2282
골프연습장업,더벙커,서울특별시 송파구 양재대로71길 8 (방이동),02-425-1868
골프연습장업,더 클래스 골프 스튜디오,"서울특별시 송파구 양재대로62길 33, 2층 (가락동)",02-430-9988
골프연습장업,프라이빗 골프아카데미,"서울특별시 송파구 송파대로49길 64, 레이크캐슬 지1층 (석촌동)",02-2202-9910
골프연습장업,스핀볼링센터 가든5,"서울특별시 송파구 충민로 52, 가든파이브웍스 지하1층 (문정동)",02-2047-3664
골프연습장업,제임스짐JS,"서울특별시 송파구 올림픽로4길 48, 프리마쇼핑센터 (잠실동)",
골프연습장업,문정역 테라스크린골프,"서울특별시 송파구 송파대로 201, 송파 테라타워2 (문정동)",
골프연습장업,키움골프GDR아카데미 문정점,"서울특별시 송파구 법원로4길 10, 힐스테이트에코문정 (문정동)",
골프연습장업,행복골프훈련소 잠실점,"서울특별시 송파구 올림픽로35가길 9 (신천동, 잠실 푸르지오 월드마크)",
골프연습장업,엠클럽 골프,"서울특별시 송파구 가락로 99, 지하동 1층 1호 (석촌동)",
골프연습장업,(주) 지엠이에스티,"서울특별시 송파구 중대로 174 (가락동, 가락동 주상복합)",
골프연습장업,골프존파크 JS골프존,"서울특별시 송파구 오금로 152, 연세빌딩 (송파동)",24248111
골프연습장업,모스트 골프 아카데미,"서울특별시 송파구 새말로 62, 송파 푸르지오시티 235~240호 (문정동)",
골프연습장업,골프존파크 석촌호수점,"서울특별시 송파구 석촌호수로 188, 지하2층 201호~204호 (석촌동, 신동아로쟌뷰)",
골프연습장업,GDR골프아카데미 잠실점,"서울특별시 송파구 송파대로 562, 지하1층 (신천동, 웰리스타워,삼성웰리스아파트)",
골프연습장업,JD골프아카데미,"서울특별시 송파구 동남로4길 10, 지하 1층 (문정동)",403-0753
골프연습장업,SJ골프 아카데미,서울특별시 송파구 위례성대로12길 17 (방이동),
골프연습장업,챔피언 골프스튜디오,"서울특별시 송파구 삼전로 100, 아카데미빌딩 204호 (삼전동)",02-418-9039
체력단련장업,바디웍,서울특별시 송파구 오금로 300 (가락동),448-5161
체력단련장업,바디웍,서울특별시 송파구 마천로 61 (오금동),448-7102
체력단련장업,풍납 헬스,"서울특별시 송파구 풍성로 65, 3층 301호 (풍납동)",02-487-9385
체력단련장업,문정2호점 스포애니 (주)케이디스포츠,서울특별시 송파구 동남로4길 10 (문정동),
체력단련장업,골든짐,서울특별시 송파구 가락로 94 (석촌동),
체력단련장업,정락신용협동조합,서울특별시 송파구 동남로4길 10 (문정동),3401-3401
체력단련장업,제임스짐JS점,"서울특별시 송파구 올림픽로4길 48, 지하1층 (잠실동)",417-1294
체력단련장업,올림픽헬스교실,서울특별시 송파구 올림픽로 424 (방이동),410-1626
체력단련장업,라인핏,"서울특별시 송파구 양산로 12, 세신거여훼미리타운 707, 708호 (거여동)",
체력단련장업,가락휘트니스센터,"서울특별시 송파구 송파대로30길 11, 2층 (가락동)",408-4580
체력단련장업,현민헬스클럽,"서울특별시 송파구 동남로18길 45 (가락동, 용진빌딩)",431-5422
체력단련장업,짐스휘트니스,"서울특별시 송파구 가락로 168 (송파동, 부성빌딩)",
체력단련장업,한성기업(주)르네상스휘트니스클럽,서울특별시 송파구 오금로 307 (오금동),401-1300
체력단련장업,슈나이더 짐,서울특별시 송파구 동남로 110 (문정동),
체력단련장업,문정1호점 스포애니 (주)케이디스포츠,"서울특별시 송파구 동남로 119 (가락동, 삼광빌딩)",443-4131
체력단련장업,재단법인국민체력센터,서울특별시 송파구 올림픽로 424 (방이동),413-5336
체력단련장업,백세청춘,"서울특별시 송파구 올림픽로35길 112, 장미아파트 비상가 5층 (신천동)",02-2042-0902
체력단련장업,우정휘트니스클럽,서울특별시 송파구 오금로 519 (거여동),449-2118
체력단련장업,H휘트니스,"서울특별시 송파구 가락로 171, 2층 (송파동)",3432-9696
체력단련장업,짐퍼스트 휘트니스,"서울특별시 송파구 토성로 78 (풍납동, 정민빌딩)",488-4002
체력단련장업,롯데호텔 휘트니스센터,"서울특별시 송파구 올림픽로 240 (잠실동, 롯데월드)",419-7000
체력단련장업,잠실점 스포애니 (주)케이디스포츠,"서울특별시 송파구 삼학사로 99, 6,7층 (삼전동, 인터불고)",
체력단련장업,커브스문정클럽,"서울특별시 송파구 중대로 24, 2층 (문정동)",3402-0300
체력단련장업,더드림 피트니스,"서울특별시 송파구 백제고분로41길 43-5, 신천빌딩 2층 (송파동)",
체력단련장업,(주)옵티멈,"서울특별시 송파구 올림픽로35가길 16 (신천동, 송파 FUN STADIUM)",2240-4600
체력단련장업,(주)잠실투엑스휘트니스,"서울특별시 송파구 송파대로28길 27 (가락동, 송파성원쌍떼빌)",02-2043-9811
체력단련장업,크로스핏거여 앤 탑스포츠클럽,"서울특별시 송파구 오금로 508 (거여동, 스타빌딩)",
체력단련장업,커브스오금클럽,"서울특별시 송파구 양재대로71길 1-20, 3층 (방이동)",
체력단련장업,(주)인어스휘트니스 잠실점,"서울특별시 송파구 올림픽로 74 (잠실동, 잠실월드메르디앙)",423-0078
체력단련장업,스카이 휘트니스,"서울특별시 송파구 오금로 410, 4층 (가락동)",
체력단련장업,스타칼리 휘니스트,"서울특별시 송파구 오금로 306, 지하1층 (가락동)",425-6555
체력단련장업,피트니스비엠,"서울특별시 송파구 올림픽로 76, 12층 1201,1202호 (잠실동, J타워)",02-512-7721
체력단련장업,NC 휘트니스,서울특별시 송파구 새말로8길 20 (문정동),
체력단련장업,커브스가락클럽,"서울특별시 송파구 동남로 198, 3층 (가락동)",
체력단련장업,커브스 잠실클럽,"서울특별시 송파구 올림픽로12길 23, 2층 (잠실동)",02-415-3070
체력단련장업,카인드짐,"서울특별시 송파구 백제고분로 501, 지하2층 (방이동)",
체력단련장업,JUST 1 PERSONAL TRAINING,"서울특별시 송파구 석촌호수로 160, 5층 (삼전동)",
체력단련장업,슈퍼스타 휘트니스,서울특별시 송파구 풍성로 52 (풍납동),
체력단련장업,송파커브스,"서울특별시 송파구 가락로 205, 3층 (송파동)",
체력단련장업,튼튼해짐,"서울특별시 송파구 위례성대로20길 27, 2층 (오금동)",070-4408-0797
체력단련장업,GYM1ST(짐퍼스트),"서울특별시 송파구 중대로 68, 7층 (문정동)",431-2200
체력단련장업,커브스잠실나루클럽,"서울특별시 송파구 올림픽로35길 112, 장미아파트 비상가 1동 4층 1호 (신천동)",
체력단련장업,Back Fituess,"서울특별시 송파구 중대로 187 (가락동, 가락빌딩 2,3층)",
체력단련장업,스포존,"서울특별시 송파구 충민로 52, 지하1층 (문정동)",2047-0300
체력단련장업,트리플 에스 피티짐,"서울특별시 송파구 송파대로49길 55, 3층 (석촌동)",3431-9425
체력단련장업,이코리아PTGYM,"서울특별시 송파구 위례성대로22길 18, 2층 (오금동)",3402-1113
체력단련장업,크로스핏 에이블,"서울특별시 송파구 석촌호수로 272, 지하1층 (송파동)",02-421-7668
체력단련장업,골든짐,"서울특별시 송파구 올림픽로 106 (잠실동, 상록빌딩)",070-8973-9855
체력단련장업,커브스거여클럽,"서울특별시 송파구 오금로 507, 거여빌딩 5층 501호 (거여동)",02-407-3330
체력단련장업,네추럴 홍 휘트니스,서울특별시 송파구 마천로 250 (거여동),408-3337
체력단련장업,데일리 피트니스,"서울특별시 송파구 동남로 202 (가락동, 광성빌딩)",400-1388
체력단련장업,DM휘트니스,서울특별시 송파구 오금로24길 13 (송파동),463-5790
체력단련장업,프리짐 휘트니스,서울특별시 송파구 올림픽로47길 19 (풍납동),
체력단련장업,글로리짐,서울특별시 송파구 백제고분로31길 14 (삼전동),070-8958-3169
체력단련장업,오웰,서울특별시 송파구 동남로20길 25 (가락동),
체력단련장업,마크짐휘트니스,서울특별시 송파구 송파대로 405 (석촌동),
체력단련장업,제이팀,서울특별시 송파구 올림픽로 435 (신천동),
체력단련장업,마크짐,"서울특별시 송파구 오금로 111, 지하1층층 (방이동)",
체력단련장업,더디젤,서울특별시 송파구 백제고분로22길 4 (삼전동),
체력단련장업,티엔슈튜디오,"서울특별시 송파구 삼학사로19길 38-1, 지하1층 (삼전동)",
체력단련장업,PT클럽,"서울특별시 송파구 백제고분로11길 35, 3층 (잠실동)",
체력단련장업,바디퓨처,서울특별시 송파구 백제고분로 116 (잠실동),
체력단련장업,(주)잠실투엑스 휘트니스,"서울특별시 송파구 올림픽로 145, 지층층 1-19호 (잠실동)",
체력단련장업,아이디얼핏,"서울특별시 송파구 삼학사로 100, 3층 (석촌동, 그랜드빌딩)",02-2202-6265
체력단련장업,청우인터엠,"서울특별시 송파구 백제고분로34길 3, 지하1층 (석촌동)",
체력단련장업,송파점 스포애니 (주)케이디스포츠,"서울특별시 송파구 오금로 204, 가동 3,4층 (송파동)",
체력단련장업,RESTART GYM,"서울특별시 송파구 삼전로 100, 아카데미빌딩 2층 4-1호 (삼전동)",
체력단련장업,SAM'S PT GYM,"서울특별시 송파구 송파대로22길 4, 해성빌딩 3층 (문정동)",
체력단련장업,핏존,"서울특별시 송파구 가락로 114, 신우빌딩 6층 (석촌동)",
체력단련장업,Dr.Line PT GYM,서울특별시 송파구 송파대로 406 (송파동),
체력단련장업,Crossfit 피어스 배틀,서울특별시 송파구 올림픽로10길 16 (잠실동),
체력단련장업,우일태권도,서울특별시 송파구 성내천로47길 38-1 (마천동),
체력단련장업,신천점 스포애니 (주)케이디스포츠,서울특별시 송파구 올림픽로 98 (잠실동),02-422-9618
체력단련장업,BodyCafe,서울특별시 송파구 위례성대로18길 31-12 (방이동),02-412-2253
체력단련장업,2K gym,서울특별시 송파구 중대로 105 (가락동),02-430-9682
체력단련장업,퍼스트 휘트니스,서울특별시 송파구 송이로 239 (문정동),
체력단련장업,바디플래너,서울특별시 송파구 석촌호수로 100 (잠실동),
체력단련장업,위너핏,서울특별시 송파구 마천로 25 (방이동),02-6418-9600
체력단련장업,올림픽선수촌스포츠센타,서울특별시 송파구 양재대로 1222 (방이동),02-449-2526
체력단련장업,크로스핏앤서,서울특별시 송파구 위례성대로 180 (오금동),
체력단련장업,코치짐,"서울특별시 송파구 오금로 247 (방이동, 건양빌딩)",221473040
체력단련장업,더 랩스 피트니스 삼전,"서울특별시 송파구 삼전로 46 (삼전동, 삼삼빌딩)",
체력단련장업,시너지 피티 앤 필라테스,"서울특별시 송파구 중대로9길 41, 익수빌딩 4층 (가락동)",
체력단련장업,휴메이크 휘트니스,서울특별시 송파구 백제고분로 275 (석촌동),
체력단련장업,V-GYM,"서울특별시 송파구 올림픽로 505 (풍납동, 유원빌딩)",02-472-8205
체력단련장업,몸 PT,"서울특별시 송파구 올림픽로 145, 리센츠상가 5층 03호 (잠실동)",
체력단련장업,바디웍,"서울특별시 송파구 위례성대로20길 23, 3층 (오금동, 신승빌딩)",02-408-3966
체력단련장업,Fitness Dagym (휘트니스 다짐),"서울특별시 송파구 가락로 244 (방이동, 동원빌딩)",02-424-3520
체력단련장업,라이즈업 피티짐,"서울특별시 송파구 새말로 105 (문정동, 현석빌딩)",
체력단련장업,Rock Body GYM,"서울특별시 송파구 거마로 14 (거여동, 청송빌딩)",02-406-8965
체력단련장업,스타리버 유스포츠,"서울특별시 송파구 올림픽로35길 93 (신천동, 더샵스타리버)",02-422-5432
체력단련장업,다이나믹 짐,"서울특별시 송파구 백제고분로7길 8-12 (잠실동, 승현빌딩)",02-417-7670
체력단련장업,콕스다이어트,서울특별시 송파구 새말로 114 (문정동),02-402-4479
체력단련장업,삼전W짐,"서울특별시 송파구 백제고분로 202 (삼전동, 두레빌딩)",02-420-4378
체력단련장업,로그짐 잠실새내점,"서울특별시 송파구 석촌호수로 61, 상가동 B110호 (잠실동, 트리지움)",
체력단련장업,Refresh PT Gym,"서울특별시 송파구 오금로32길 14, 101동 208-2호 (송파동, 송파삼성래미안아파트)",
체력단련장업,MUTO FIT,"서울특별시 송파구 올림픽로35가길 9, B01호 (신천동, 잠실 푸르지오 월드마크)",
체력단련장업,휴메이크 휘트니스,"서울특별시 송파구 석촌호수로 88, 4층 (잠실동, 대원빌딩)",02-421-7977
체력단련장업,더 웰짐,서울특별시 송파구 오금로35길 14 (오금동),
체력단련장업,리복크로스핏문정,"서울특별시 송파구 동남로 108, 지하1층 1호 (문정동, 모즈아울렛)",02-402-7668
체력단련장업,얼라인 프라이빗 짐,"서울특별시 송파구 마천로 35, 3호 (방이동, 태웅빌딩)",02-423-1101
체력단련장업,Elite training center,"서울특별시 송파구 위례성대로 52, 지하1층 (방이동)",
체력단련장업,위메이드핏,"서울특별시 송파구 새말로 62, 지하1층 B06호 (문정동, 송파 푸르지오시티)",02-404-8821
체력단련장업,탐 프라이빗짐 잠실점,"서울특별시 송파구 백제고분로 122, A동 2층 (잠실동, 성현교회)",02-413-1033
체력단련장업,파크하비오휘트니스&골프,"서울특별시 송파구 송파대로 111, 하비오길 중앙로 202동 202, B01호 (문정동, 파크하비오)",02-6925-6922
체력단련장업,IGYM(아이짐),"서울특별시 송파구 송파대로 167, 지하층 G180호 (문정동, 문정역테라타워)",070-7788-5258
체력단련장업,잠실피트니스,"서울특별시 송파구 송파대로 562, 지하1층 (신천동, 한빛프라자,삼성웰리스아파트)",02-414-9949
체력단련장업,라이프피티센터(Life PT Center),"서울특별시 송파구 양재대로72길 15, 상가2동 지하층 비101호 (오금동, 현대백조아파트)",
체력단련장업,짐퍼스트 법조타운,"서울특별시 송파구 법원로 114 (문정동, 엠스테이트)",
체력단련장업,트레이닝타임,"서울특별시 송파구 송파대로 468 (송파동, 금남빌딩)",
체력단련장업,짐포유(GYM FOR U),서울특별시 송파구 백제고분로 460 (방이동),02-416-2577
체력단련장업,헬스토피아(WE),서울특별시 송파구 삼학사로 30 (주)크레송 지하층 (석촌동),
체력단련장업,무브 360,"서울특별시 송파구 올림픽로 300, 6층 (신천동)",02-2007-8546
체력단련장업,서세환 짐,"서울특별시 송파구 백제고분로 119, 덕원빌딩 지하1층 (잠실동)",02-413-1340
체력단련장업,오하운 GYM,"서울특별시 송파구 백제고분로 419, 유정빌딩 지하1, 지상2층 (송파동)",
체력단련장업,바디클락,"서울특별시 송파구 새말로 62, 송파 푸르지오시티 (문정동)",
체력단련장업,아미부트캠프,"서울특별시 송파구 석촌호수로 296, 대성빌딩 (송파동)",
체력단련장업,피오,"서울특별시 송파구 백제고분로41길 15, 덕원빌딩 (송파동)",
체력단련장업,퍼포먼스 피지오 트레이닝 센터(Perform Physio),"서울특별시 송파구 송파대로 201, 송파테라타워2 B동 204호 (문정동)",02-881-5579
체력단련장업,젠틀브로스짐,"서울특별시 송파구 석촌호수로 156, 삼전동썬프라자 (삼전동)",02-418-0111
체력단련장업,근육터짐 지방빠짐 2호점,"서울특별시 송파구 삼학사로 81, 서울빌딩 (삼전동)",
체력단련장업,이모션 짐,서울특별시 송파구 백제고분로7길 3 (잠실동),070-8801-2510
체력단련장업,아이디얼바디(IDEAL BODY),"서울특별시 송파구 위례성대로 18, 금복빌딩 (방이동)",
체력단련장업,더랩스휘트니스석촌,"서울특별시 송파구 백제고분로 364, 대준빌딩 (석촌동)",02-423-6733
체력단련장업,바디퍼포먼스짐,"서울특별시 송파구 동남로 234, 진넥스베르디엠 2층 (가락동)",02-402-3999
체력단련장업,크로스핏 힙스터 (Crossfit Hipster),"서울특별시 송파구 새말로 177, MK빌딩 (문정동)",
체력단련장업,몬스터P.T 뷰티필라테스,"서울특별시 송파구 송파대로 422, 영빌딩 지하1층 (송파동)",
체력단련장업,스포웰짐,"서울특별시 송파구 법원로 128, 문정에스케이브이원지엘메트로시티 (문정동)",
체력단련장업,H2GYM (에치치투짐),서울특별시 송파구 올림픽로 120 (잠실동),02-412-6960
체력단련장업,DOUBLE S GYM,"서울특별시 송파구 백제고분로 455, 성보빌딩 2층 (방이동)",02-414-7582
체력단련장업,리키PT STUDIO,"서울특별시 송파구 법원로4길 6, 문정아이파크 3층 (문정동)",
체력단련장업,허니짐 김성권 P.T,"서울특별시 송파구 올림픽로 119, 잠실파인애플상가 4층 (잠실동)",
체력단련장업,3B휘트니스,"서울특별시 송파구 삼전로 84, 지하1층 (삼전동)",
체력단련장업,문정법조타운점 스포애니 (주)케이디스포츠,"서울특별시 송파구 송파대로 145, 문정 오벨리스크 (문정동)",02-448-9618
체력단련장업,GREEN DAY GYM,"서울특별시 송파구 백제고분로 204, 에스엔씨빌딩 (삼전동)",
체력단련장업,삼손헬스,서울특별시 송파구 삼전로 96 (삼전동),02-419-9908
체력단련장업,The third Place,"서울특별시 송파구 백제고분로22길 4-11, 지하1층 (삼전동)",
체력단련장업,채움 P.T,"서울특별시 송파구 송이로30길 19, 201호 (문정동, 형정빌딩)",
체력단련장업,아이디얼 필라테스,"서울특별시 송파구 삼학사로 100, 그랜드빌딩 3층 301호 (석촌동)",1065222937
체력단련장업,부스터 9 (Booster 9),"서울특별시 송파구 마천로 13, 3층 301호 (방이동)",
체력단련장업,CLUB GYM,"서울특별시 송파구 가락로 273, 102호 (방이동)",
체력단련장업,크로스핏 송파,서울특별시 송파구 백제고분로46길 14 (송파동),7076221037
체력단련장업,one's body,"서울특별시 송파구 오금로 136, 청양빌딩 (송파동)",
체력단련장업,나비드짐,"서울특별시 송파구 위례광장로 200, 에스비트램스퀘어 10층 (장지동)",24079422
체력단련장업,더블에스휘트니스,"서울특별시 송파구 위례광장로 188, 아이온스퀘어 (장지동)",
체력단련장업,더 메이트,"서울특별시 송파구 법원로4길 10, 힐스테이트에코문정 2층 218,219,215호 (문정동)",400-1907
체력단련장업,커브스 석촌클럽,"서울특별시 송파구 가락로 54, 5층 (석촌동)",423-7330
체력단련장업,박제성 운동케어 CHI & FIT 퍼스널 트레이닝,"서울특별시 송파구 오금로 483, 거여정형외과 5층 (거여동)",02-6954-6914
체력단련장업,라이트짐,"서울특별시 송파구 오금로31길 3, 우성빌딩 지하층 (방이동)",02-424-9682
체력단련장업,올바로 짐,"서울특별시 송파구 법원로9길 26, 에이치비지니스파크 c동 지하층 112~119호 (문정동)",
체력단련장업,트윈짐,"서울특별시 송파구 마천로 79, 장한빌딩 4층 (오금동)",
체력단련장업,(주)한국그룹운동개발원,"서울특별시 송파구 송이로 91, 5층 (가락동)",
체력단련장업,위메이트핏,"서울특별시 송파구 중대로 60-13, 청기와빌딩 3층 (문정동)",
체력단련장업,효 GYM,"서울특별시 송파구 백제고분로18길 10, 2층 2호 (잠실동)",
체력단련장업,바디러너스 주식회사,"서울특별시 송파구 송파대로28길 43, 송파KCC웰츠타워 2층 205호 (가락동)",
체력단련장업,가디언 오브 갤럭시 PT,"서울특별시 송파구 올림픽로 119, 잠실파인애플상가 5층 5비 11호 (잠실동)",
체력단련장업,페인스톰 잠실,"서울특별시 송파구 올림픽로 100, 효창타워 지하1층 (잠실동)",
체력단련장업,Anytime Fitness,서울특별시 송파구 백제고분로 101 (주)서일빌딩 1층 (잠실동),
체력단련장업,제이에이치 피티짐 앤 필라테스(JH PTgym & Pilates),"서울특별시 송파구 위례광장로 136, 4동 D-207~208호 (장지동, 위례아이파크)",
체력단련장업,와이낫짐,"서울특별시 송파구 삼전로9길 5-2, 지하층 B01호 (잠실동)",
체력단련장업,피지컬액티브짐,"서울특별시 송파구 올림픽로34길 5-23, 잠실파크웨이 지하1층 (방이동)",
체력단련장업,로그짐 방이점,"서울특별시 송파구 마천로5길 6, 가송빌딩 7층 (오금동)",
체력단련장업,바디랩그룹트레이닝&PT,"서울특별시 송파구 올림픽로35길 104, 2, 3층 (신천동, 장미아파트)",
체력단련장업,Body Atelier,"서울특별시 송파구 위례순환로 478, 센트라포레 1101호 (장지동)",
체력단련장업,팀크레모아,"서울특별시 송파구 백제고분로21길 20, 지하1층 (삼전동)",
체력단련장업,피지컬액티브,"서울특별시 송파구 오금로11길 37, 대명벨리온 2층 204호,205호 (방이동)",
체력단련장업,카이로 바른 척추교정,"서울특별시 송파구 석촌호수로 135, 레이크팰리스 3층 310호 (잠실동)",
체력단련장업,테라피티,"서울특별시 송파구 법원로4길 5, 송파법조타운푸르지오 지하1층 B135호 (문정동)",
체력단련장업,Teddy Fitness,"서울특별시 송파구 백제고분로39길 23, 지층층 02호 (석촌동)",
체력단련장업,트레이닝 메이트,"서울특별시 송파구 삼전로13길 51, 유니크빌 지하1층 (잠실동)",
체력단련장업,제이핏 피티 앤 필라테스,"서울특별시 송파구 토성로 59, 선일빌딩 2층 (풍납동)",
체력단련장업,하트너 짐,"서울특별시 송파구 충민로 52, 가든파이브웍스 지하1층 1090호 (문정동)",
체력단련장업,아머피티샵,"서울특별시 송파구 석촌호수로 114, 지하1층 (잠실동)",
체력단련장업,효 GYM,"서울특별시 송파구 백제고분로18길 10, 2층 (잠실동)",
체력단련장업,머슬 하우스,서울특별시 송파구 백제고분로41길 18 (송파동),
체력단련장업,(주) 더랩스휘트니스 석촌고분,"서울특별시 송파구 백제고분로 276, 공익빌딩 3층 2호 (석촌동)",02-422-4365
체력단련장업,AR휘트니스,"서울특별시 송파구 양산로 40, 지하1층 (거여동)",1062954526
체력단련장업,뽀종월드,"서울특별시 송파구 백제고분로 490, 거보산업(주) 지하1층 (방이동)",
체력단련장업,세렌디PT&Pilates,"서울특별시 송파구 송파대로 437, 덕일빌딩 (석촌동)",
체력단련장업,휘트니스 플레이스(Fitness Place),"서울특별시 송파구 충민로2길 28, 대진플라자2 2층 201, 202, 203호 (장지동)",
체력단련장업,코드엠 트레이닝,"서울특별시 송파구 마천로8길 21, 지하1층 (오금동)",
체력단련장업,에스바디짐,"서울특별시 송파구 가락로 144, 송파 린 3층 (송파동)",02-422-2718
체력단련장업,애니타임피트니스 송파동점,"서울특별시 송파구 가락로 205, 송림빌딩 1층 (송파동)",
체력단련장업,베스트 트레이닝 스튜디오(BTS),"서울특별시 송파구 송파대로 345, A동 B1층 3호 (가락동, 헬리오시티)",
체력단련장업,어썸핏,"서울특별시 송파구 석촌호수로 298, 2층 2호 (송파동, 잠실대우레이크월드)",02-423-9682
체력단련장업,테라피티,"서울특별시 송파구 석촌호수로 146, 지하1층 (삼전동)",
체력단련장업,밸류짐,"서울특별시 송파구 중대로9길 30, 다보빌딩 (가락동)",
체력단련장업,스파인랩,"서울특별시 송파구 법원로4길 5, 송파법조타운푸르지오 (문정동)",
체력단련장업,피크닉짐,"서울특별시 송파구 가락로 241, ING파크뷰 2층 (방이동)",
체력단련장업,씨케이짐(C.K GYM),서울특별시 송파구 새말로10길 5 (문정동),
체력단련장업,헬스보이짐 잠실점,"서울특별시 송파구 올림픽로 240, 롯데월드 6층 6층 (잠실동)",
체력단련장업,스포니스 잠실새내점,"서울특별시 송파구 올림픽로12길 17, 지하 1층 (잠실동)",02-422-1509
체력단련장업,PT스튜디오 건강한 사람들,"서울특별시 송파구 가락로 134, 지하1층 1호 (송파동)",
체력단련장업,로그짐 잠실나루점,"서울특별시 송파구 올림픽로37길 130, 파크리오상가 A동 5층 11호 (신천동)",02-419-9682
체력단련장업,리핏바디짐,"서울특별시 송파구 백제고분로45길 34, 동방빌딩 3층 (송파동)",
체력단련장업,플랜비휘트니스,"서울특별시 송파구 동남로 286, 영재사관학원 3층 (오금동)",
체력단련장업,로하핏 스튜디오,"서울특별시 송파구 송파대로 167, 문정역테라타워 B1층 G154호 (문정동)",1096094915
체력단련장업,머스트무브짐 PT&Pilates 잠실새내 4호점,"서울특별시 송파구 올림픽로 108, 맥스빌딩 10층 (잠실동)",02-419-0228
체력단련장업,테디피트니스 방이점,"서울특별시 송파구 올림픽로32길 22-13, 지층 2호 (방이동)",
체력단련장업,로그짐 잠실역점,"서울특별시 송파구 올림픽로 293-19, 305, 306, 307호 (신천동, 현대타워아파트)",02-417-9682
체력단련장업,MILO GYM,"서울특별시 송파구 삼학사로14길 15, 2층 (석촌동)",
체력단련장업,락 바디짐,"서울특별시 송파구 송이로 194, 레미안빌딩 6층 (문정동)",
체력단련장업,라곰 트레이닝,"서울특별시 송파구 송파대로 451, 지층 (석촌동)",
체력단련장업,로그짐 올림픽공원점,"서울특별시 송파구 올림픽로35길 10, 제비동 2층 207호 (신천동, 파크리오)",02-416-9682
체력단련장업,엠알티핏 잠실점,"서울특별시 송파구 백제고분로19길 4, 뜨레피움2차 지1층 비01호 (잠실동)",02-3431-2749
체력단련장업,V therapy 안티에이징센터,"서울특별시 송파구 가락로 209, 사이언스빌딩 4층 (송파동)",070-4121-7575
체력단련장업,지금부터 핏,"서울특별시 송파구 석촌호수로 134, 4층 (삼전동)",
체력단련장업,THE JUNG FIT,"서울특별시 송파구 백제고분로41길 33, 티에스티빌딩 지하1층 (송파동)",
체력단련장업,바디 매니지먼트,"서울특별시 송파구 가락로 110, 3층 (석촌동)",
체력단련장업,엠브이엠 거여역점,"서울특별시 송파구 양산로4길 9, 2층 (거여동)",02-403-8821
체력단련장업,하이 피트니스,"서울특별시 송파구 백제고분로 128, H타워 지하1층 (잠실동)",
체력단련장업,헬리오 GYM,"서울특별시 송파구 송파대로 345, B동 2층 92호 (가락동, 헬리오시티)",
체력단련장업,에임트레이닝랩 부티크 스튜디오,"서울특별시 송파구 올림픽로35길 93, B106, B126호 (신천동, 더샵스타리버)",02-421-8608
체력단련장업,나홀로짐에,"서울특별시 송파구 정의로7길 13, 힐스테이트에코송파 1층 114호 (문정동)",
체력단련장업,효 GYM 3호점,"서울특별시 송파구 백제고분로27길 11, 2층 (삼전동)",
체력단련장업,행복한휘트니스,"서울특별시 송파구 법원로 90, 파트너스2 B103, 104호 (문정동)",02-403-8887
체력단련장업,데일리 피트니스&필라테스,"서울특별시 송파구 마천로 315, 지하1~20호 (마천동, 현대그린빌)",
기타,장미에어로빅,,414-2355
기타,영에어로빅,,421-5403
기타,쌍용올림픽에어로빅,,409-0600
기타,향군회관에어로빅,,421-4442
기타,미래에어로빅,,407-4540
기타,(주)한배엔터테인먼트,,
기타,헤렌 휘트니스 파크,"서울특별시 송파구 백제고분로9길 10  (잠실동,(지하1층))",3431-4681
기타,이지에어로빅,,414-1802
기타,나인댄스스쿨,서울특별시 송파구 중대로20길 49 (가락동),406-8824
기타,엑스스포츠(주),,470-8814
기타,Anna B. Academy,"서울특별시 송파구 백제고분로9길 47 (잠실동,3층)",
기타,휘트니스플러스,"서울특별시 송파구 백제고분로 159  (잠실동,5층)",424-2386
당구장업,원당구장,서울특별시 송파구 마천로45길 8 (마천동),403-8614
당구장업,U당구클럽,"서울특별시 송파구 백제고분로 426 (송파동, 백양빌딩)",420-9474
당구장업,대박,"서울특별시 송파구 삼학사로19길 7, 동화빌딩 지하1층 (삼전동)",
당구장업,천재,"서울특별시 송파구 올림픽로47길 19 (풍납동, 오성빌딩)",470-6475
당구장업,삼진,"서울특별시 송파구 삼학사로13길 15 (삼전동, 달성빌딩)",421-7208
당구장업,준당구클럽,서울특별시 송파구 오금로 188 (송파동),419-2259
당구장업,프로2000당구장,서울특별시 송파구 오금로46길 5 (가락동),02-431-9719
당구장업,오페라당구장,"서울특별시 송파구 송파대로 286 (가락동, 신흥빌딩)",402-7996
당구장업,레이크당구장,"서울특별시 송파구 송파대로49길 33, 3층 (석촌동)",
당구장업,스타당구클럽,서울특별시 송파구 오금로 300 (가락동),
당구장업,아트 당구장,"서울특별시 송파구 마천로15길 5, 2층 (오금동)",448-8434
당구장업,귀빈당구장,서울특별시 송파구 위례성대로18길 27-10 (방이동),2202-0661
당구장업,원 당구장,"서울특별시 송파구 백제고분로48길 16 (방이동, 금호빌딩)",2202-4571
당구장업,New 지펠당구장,"서울특별시 송파구 오금로36길 15 (가락동, 신영빌딩)",430-7093
당구장업,허슬러당구장,서울특별시 송파구 동남로 117 (가락동),443-6890
당구장업,제우스당구장,"서울특별시 송파구 가락로 114 (석촌동, 신우빌딩)",
당구장업,선방당구장,"서울특별시 송파구 오금로 528 (거여동, 영채빌딩)",
당구장업,건영당구장,"서울특별시 송파구 새말로8길 지하 11 (문정동, 건영빌딩)",
당구장업,올림픽당구장,"서울특별시 송파구 삼전로 78 (삼전동, 현대빌딩)",414-1211
당구장업,허리우드당구장,서울특별시 송파구 백제고분로7길 6 (잠실동),
당구장업,뉴필리당구장,서울특별시 송파구 마천로 281 (마천동),
당구장업,A+당구장,서울특별시 송파구 동남로 318 (오금동),402-5184
당구장업,우정당구장,"서울특별시 송파구 백제고분로39길 31, 지하1층 (석촌동)",
당구장업,에스피당구클럽,"서울특별시 송파구 토성로 26 (풍납동, 강진빌딩)",
당구장업,귀빈당구장,서울특별시 송파구 백제고분로34길 13 (석촌동),422-0041
당구장업,따봉당구장,"서울특별시 송파구 오금로31길 17 (방이동, 남영빌딩)",412-2704
당구장업,은하,"서울특별시 송파구 백제고분로40길 31 (석촌동, 신세계빌딩)",
당구장업,스포츠당구장,"서울특별시 송파구 송이로17길 40 (가락동, 영흥빌딩)",
당구장업,스마일당구장,"서울특별시 송파구 마천로 79, 2층 (오금동)",
당구장업,홍당구장,"서울특별시 송파구 백제고분로 498 (방이동, 스카이에듀학원)",413-7192
당구장업,황금볼당구장,서울특별시 송파구 문정로4길 34 (문정동),3401-6257
당구장업,큐당구장,서울특별시 송파구 백제고분로48길 22 (방이동),415-0778
당구장업,예준당구클럽,"서울특별시 송파구 오금로11길 11 (방이동, 천일빌딩)",415-9268
당구장업,코끼리당구장,"서울특별시 송파구 석촌호수로12길 1-6, 지하1층 (잠실동)",2202-8344
당구장업,현 당구장,"서울특별시 송파구 가락로 248 (방이동, 화성빌딩)",415-6154
당구장업,에이스,"서울특별시 송파구 성내천로 300, 지하1층 (마천동)",443-1726
당구장업,영화당구클럽,서울특별시 송파구 양재대로72길 8 (오금동),431-3994
당구장업,SBS당구장,"서울특별시 송파구 양재대로62길 22, 지하1층 (가락동)",
당구장업,황제 당구장,"서울특별시 송파구 마천로51길 2 (마천동, 수정빌딩)",
당구장업,둘리당구장,서울특별시 송파구 동남로6길 39 (문정동),978-5502
당구장업,마스타 당구클럽,"서울특별시 송파구 마천로 197, 2층 (오금동)",400-9938
당구장업,ONE 당구장,서울특별시 송파구 백제고분로9길 30 (잠실동),416-0029
당구장업,씨티당구장,"서울특별시 송파구 백제고분로7길 52, 2층 (잠실동)",414-2009
당구장업,Win 당구클럽,"서울특별시 송파구 백제고분로41길 6-7 (송파동, 홍우빌딩)",415-7753
당구장업,대박 당구장,서울특별시 송파구 송이로 102 (가락동),02-448-7713
당구장업,나이스당구장,"서울특별시 송파구 올림픽로32길 29 (방이동, 유성빌딩)",
당구장업,허슬러당구클럽,"서울특별시 송파구 백제고분로32길 6 (삼전동, 수배빌딩)",421-8843
당구장업,스포츠당구장,"서울특별시 송파구 양재대로71길 14 (방이동, 우민빌딩)",424-4424
당구장업,보글당구장,"서울특별시 송파구 올림픽로32길 9 (방이동, 방은빌딩)",
당구장업,DS캐롬클럽,"서울특별시 송파구 백제고분로 163 (잠실동, 명성빌딩)",422-6449
당구장업,먹자골목 놀이터 당구장,"서울특별시 송파구 올림픽로32길 20, 3층 (방이동)",3432-3949
당구장업,매니아당구클럽,"서울특별시 송파구 올림픽로32길 53 (방이동, 경우빌딩)",414-9508
당구장업,월드당구장,"서울특별시 송파구 백제고분로7길 39, 3층 (잠실동)",417-0714
당구장업,월드컵 당구장,"서울특별시 송파구 백제고분로17길 56, 3층 (잠실동)",
당구장업,킹당구장,"서울특별시 송파구 거마로 12, 지하1층 (거여동)",403-0988
당구장업,계림당구클럽,"서울특별시 송파구 올림픽로10길 58, 지하1층 (잠실동)",418-1613
당구장업,JJ당구클럽,"서울특별시 송파구 백제고분로 382, 지하1층 (송파동)",
당구장업,씨티당구장,"서울특별시 송파구 마천로 240 (마천동, 석일빌딩)",
당구장업,매직당구장,"서울특별시 송파구 백제고분로48길 44 (방이동, 동보빌딩)",416-0519
당구장업,스마일 당구장,"서울특별시 송파구 백제고분로41길 40, 부영빌딩 지하1층 (송파동)",
당구장업,코리아 당구클럽,"서울특별시 송파구 송파대로49길 59, 지하1층 (석촌동)",412-2711
당구장업,OK당구장,"서울특별시 송파구 오금로46길 25, 4층 (가락동)",
당구장업,뱅뱅당구장,"서울특별시 송파구 중대로9길 32 (가락동, 상원빌딩)",431-3949
당구장업,황실당구클럽,서울특별시 송파구 백제고분로22길 3 (삼전동),413-4984
당구장업,히트당구클럽,서울특별시 송파구 백제고분로40길 37 (석촌동),
당구장업,느티나무당구장,서울특별시 송파구 동남로6길 6 (문정동),400-9954
당구장업,즐겨찾기,"서울특별시 송파구 백제고분로7길 43, 3층 (잠실동)",420-3900
당구장업,럭셔리 당구클럽,"서울특별시 송파구 송이로17길 61, 2층 (가락동)",02-408-6449
당구장업,큐볼당구장,"서울특별시 송파구 오금로11길 11-8, 6층 (방이동)",2202-3949
당구장업,맨하탄당구클럽,"서울특별시 송파구 송파대로30길 11 (가락동, 이연파레스)",430-3949
당구장업,챔프3000,서울특별시 송파구 오금로46길 16 (가락동),02-3012-3043
당구장업,필름당구장,"서울특별시 송파구 백제고분로51길 23 (방이동, 에쿠스모델)",3432-4674
당구장업,캣츠당구장,"서울특별시 송파구 거마로3길 4 (거여동, 뉴비전빌딩)",404-3949
당구장업,히든큐당구클럽,"서울특별시 송파구 백제고분로7길 14 (잠실동, 태원빌딩)",418-8965
당구장업,K-1당구클럽,"서울특별시 송파구 중대로 60-9 (문정동, 정원농산)",400-2473
당구장업,비케이당구클럽,"서울특별시 송파구 중대로9길 48 (가락동, MOXENHOUSE)",
당구장업,딴 당구클럽,"서울특별시 송파구 백제고분로 198 (삼전동, 정민빌딩)",
당구장업,7전8큐 당구장,"서울특별시 송파구 백제고분로46길 12, 전원빌딩 (송파동)",
당구장업,반딧불 당구장,서울특별시 송파구 송파대로22길 21 (문정동),
당구장업,C&G 당구클럽,"서울특별시 송파구 올림픽로30길 5 (방이동, 정윤빌딩)",
당구장업,서프로 당구클럽,"서울특별시 송파구 오금로 504 (거여동, 하나빌딩)",
당구장업,황제당구클럽,"서울특별시 송파구 가락로 70, 3층 (석촌동)",
당구장업,놀이터 당구클럽,서울특별시 송파구 가락로 157 (송파동),
당구장업,빌앤 당구클럽,"서울특별시 송파구 위례성대로18길 27, 지하층 (방이동)",
당구장업,현대 당구장,"서울특별시 송파구 마천로51길 32-1, 2층 (마천동)",
당구장업,로 얄,"서울특별시 송파구 삼학사로19길 28 (삼전동, 캔쇼빌딩)",
당구장업,캐롬4U,"서울특별시 송파구 중대로 304 (오금동, 천진빌딩)",
당구장업,라이프당구장,서울특별시 송파구 성내천로 229 (마천동),
당구장업,K-2당구클럽,"서울특별시 송파구 백제고분로25길 33, 2층 (삼전동)",
당구장업,당구마을,"서울특별시 송파구 백제고분로 202, 지하1층 (삼전동)",
당구장업,거북당구장,서울특별시 송파구 천호대로152길 17 (풍납동),
당구장업,스타당구클럽,서울특별시 송파구 동남로 145 (가락동),
당구장업,명당구장,"서울특별시 송파구 백제고분로18길 31, 지하1층 (잠실동)",
당구장업,장수당구장,"서울특별시 송파구 새말로 141, 2층 (문정동)",
당구장업,스포츠당구장,"서울특별시 송파구 가락로 84, 지층 (석촌동)",
당구장업,준당구장,"서울특별시 송파구 백제고분로41길 11, 지하1층 (송파동)",
당구장업,시그마당구장,"서울특별시 송파구 올림픽로 289, 지하1층 B111~3호 (신천동, 잠실시그마타워)",
당구장업,당구일번지,"서울특별시 송파구 송파대로30길 25, 2층 (가락동)",
당구장업,Billiards Club Han's,서울특별시 송파구 동남로4길 11 (문정동),
당구장업,티파니당구장,"서울특별시 송파구 송파대로30길 8, 2층 203호 (가락동, 훼밀리오피스텔)",
당구장업,땡큐당구장,서울특별시 송파구 양재대로71길 12 (방이동),
당구장업,에이스당구장,서울특별시 송파구 백제고분로7길 29 (잠실동),
당구장업,청목당구장,서울특별시 송파구 백제고분로19길 28 (잠실동),
당구장업,에스피당구클럽,서울특별시 송파구 중대로 97 (가락동),408-3949
당구장업,SBS당구클럽,서울특별시 송파구 백제고분로7길 57 (잠실동),070-8830-6036
당구장업,유명당구장,서울특별시 송파구 마천로41길 33 (마천동),1036608686
당구장업,하이런당구장,"서울특별시 송파구 거마로 49 (거여동, 초림빌딩)",430-5080
당구장업,당구타임클럽,서울특별시 송파구 백제고분로7길 24 (잠실동),
당구장업,엘케이투2 빌리어드,"서울특별시 송파구 거마로2길 3-4, 2층 (거여동)",
당구장업,오색당구장,"서울특별시 송파구 거마로 71 (마천동, 원천빌딩)",
당구장업,L.A당구클럽,"서울특별시 송파구 마천로 351, 3층 (마천동, 사자빌딩)",
당구장업,VIP당구장,"서울특별시 송파구 올림픽로32길 18, 3층 (방이동, 경진빌딩)",02-3431-0909
당구장업,당구존,"서울특별시 송파구 백제고분로7길 27, 4층 (잠실동, 반석빌딩)",
당구장업,시카고포켓볼,"서울특별시 송파구 올림픽로32길 23, 지층 (방이동)",
당구장업,정읍 당구장,"서울특별시 송파구 마천로41길 15, 3층 (마천동)",02-403-5079
당구장업,큐52당구장,"서울특별시 송파구 법원로11길 7, 지하2층 B211,B212호 (문정동, 문정현대지식산업센터1-2)",02-3012-0909
당구장업,히트빌리어드클럽,"서울특별시 송파구 송이로36길 68, 2층 (문정동, 신안빌딩)",
당구장업,만나당구클럽,"서울특별시 송파구 중대로9길 53, 3층 (가락동, 영남빌딩)",
당구장업,IT당구클럽,"서울특별시 송파구 중대로 135, 지하1층 비125,126호 (가락동, 아이티벤처타워)",
당구장업,스팅당구클럽,"서울특별시 송파구 석촌호수로 84, 지하층 (잠실동, 내네빌딩)",
당구장업,시그마당구장3,"서울특별시 송파구 올림픽로 289, 지하1층 비101-3호 (신천동, 잠실시그마타워)",02-421-9290
당구장업,다섬당구장,"서울특별시 송파구 마천로 지하 130-8 (오금동, 경신빌딩)",02-443-3949
당구장업,월드당구장,"서울특별시 송파구 가락로 269, 지하1층 (방이동, 소망빌딩)",
당구장업,우주당구,서울특별시 송파구 백제고분로42길 16 (송파동),
당구장업,삼손당구장,서울특별시 송파구 백제고분로 262 (삼전동),
당구장업,문당구클럽,서울특별시 송파구 오금로57길 3-4 (거여동),
당구장업,프로당구장,서울특별시 송파구 백제고분로27길 5 (삼전동),
당구장업,히트 당구장,"서울특별시 송파구 중대로9길 26, 2층 (가락동)",
당구장업,스핀볼링센터 가든5,"서울특별시 송파구 충민로 52, 가든파이브웍스 지하1층 BF1025~1028호 (문정동)",02-2047-3664
당구장업,당구시간,서울특별시 송파구 백제고분로46길 20 (송파동),
당구장업,성내천당구장,"서울특별시 송파구 성내천로 134, 지하1층 (거여동)",
당구장업,챔프당구클럽,"서울특별시 송파구 백제고분로48길 6, 2층 (방이동)",
당구장업,송파당구장,"서울특별시 송파구 오금로44길 3, 익산빌딩 (가락동)",02-431-0713
당구장업,송파가브리엘당구클럽,"서울특별시 송파구 송파대로 438, 지하2층 (송파동)",02-422-5877
당구장업,당기자 당구장,"서울특별시 송파구 법원로 92, 파트너스1 지1층 102호 (문정동)",
당구장업,JJ당구장,"서울특별시 송파구 송이로20길 8, 성공카랜드 (가락동)",
당구장업,엠스테이트 당구장,"서울특별시 송파구 법원로 114, 엠스테이트 E동 B214호 (문정동)",1033665344
당구장업,알파고 당구장,"서울특별시 송파구 오금로46길 3, 보람빌딩 (가락동)",
당구장업,CH 당구장,서울특별시 송파구 백제고분로21길 24 (삼전동),
당구장업,엘케이 빌리어드,"서울특별시 송파구 거마로 14, 청송빌딩 2층 (거여동)",400-3940
당구장업,캐슬 당구클럽,"서울특별시 송파구 거마로20길 18, 지하층 (마천동)",
당구장업,로데오 당구장,"서울특별시 송파구 송파대로22길 5, 2층 (문정동)",
당구장업,브라보캐롬클럽 석촌점,"서울특별시 송파구 가락로 99, 석촌프라자 6층 1호 (석촌동)",
당구장업,당구마루,"서울특별시 송파구 양재대로62길 47, 가락빌딩 지하층 2호 (가락동)",
당구장업,스타 당구장,"서울특별시 송파구 마천로 138, 3층 (오금동)",
당구장업,프로 빌리어드 2000 당구장,"서울특별시 송파구 위례성대로18길 28, 2층 5호 (방이동)",
썰매장업,한강시민공원 잠실지구 눈썰매장,,420-2564
무도학원업,강남 댄스스포츠,"서울특별시 송파구 올림픽로 80 (잠실동, 영원빌딩)",420-3363
빙상장업,롯데월드아이스링크장,서울특별시 송파구 올림픽로 240 (잠실동),411-4592
종합체육시설업,서울YMCA송파지회,"서울특별시 송파구 올림픽로 211 (잠실동, 서울Y.M.C.A송파지회)",
종합체육시설업,서울곰두리체육센타,서울특별시 송파구 동남로 271 (오금동),404-6240
종합체육시설업,시그마스포츠클럽,"서울특별시 송파구 올림픽로 289 (신천동, 잠실시그마타워)",234346169
종합체육시설업,올림픽수영장,"서울특별시 송파구 올림픽로 424 (방이동, 올림픽공원)",02-410-1617
종합체육시설업,(주)나눔체육시설,"서울특별시 송파구 송이로34길 62 (문정동, 문정고등학교)",400-8700
종합체육시설업,시그니엘서울 피트니스클럽,서울특별시 송파구 올림픽로 300 (신천동),
종합체육시설업,(주)헬스보이짐가락프리미엄,"서울특별시 송파구 송파대로 260, 제일오피스텔 지하층 (가락동)",02-430-9864
종합체육시설업,소피텔 앰배서더 서울 호텔 앤 서비스드 레지던스,"서울특별시 송파구 잠실로 209, KT송파타워 (신천동)",02-2092-6000
가상체험 체육시설업,뉴서울골프스쿨,"서울특별시 송파구 성내천로 209, 지하1층 (마천동)",449-8479
가상체험 체육시설업,프로탑골프센터,"서울특별시 송파구 위례성대로12길 18, 지하1층 (방이동)",419-0085
가상체험 체육시설업,골프프린스,"서울특별시 송파구 백제고분로 385, 임진각빌딩 지하1층 (송파동)",
가상체험 체육시설업,골프존 송파,서울특별시 송파구 마천로 13 (방이동),417-0709
가상체험 체육시설업,잠실스크린골프2호점,"서울특별시 송파구 백제고분로7길 8-12, 지하1층 (잠실동)",412-7781
가상체험 체육시설업,골프존파크 가락지앤지,"서울특별시 송파구 중대로12길 6, 지하1층 (가락동)",
가상체험 체육시설업,투엑스골프앤휘트니스,"서울특별시 송파구 올림픽로 119, 지하2층 B201호 (잠실동, 잠실파인애플상가)",02-417-9811
가상체험 체육시설업,주식회사 이룸골프,"서울특별시 송파구 석촌호수로 156, 지하층 (삼전동, 삼전동썬프라자)",02-422-8807
가상체험 체육시설업,GDR아카데미 송파 법조타운점,"서울특별시 송파구 법원로 128, 문정에스케이브이원지엘메트로시티 지하1층 씨지105호~씨지109호 (문정동)",
가상체험 체육시설업,GDR아카데미 송파 법조타운 2호점,"서울특별시 송파구 법원로11길 7, 문정현대지식산업센터1-2 지하2층 (문정동)",02-404-5566
가상체험 체육시설업,골프존 GDR 아카데미 송파가락점,"서울특별시 송파구 송파대로28길 13, 거북이빌딩 지하2층 (가락동)",24030211
가상체험 체육시설업,큐이디 골프아카데미 문정점,"서울특별시 송파구 법원로4길 6, 문정아이파크 지하1층 101, 116호 (문정동)",
가상체험 체육시설업,스트라이크존 잠실구장,"서울특별시 송파구 백제고분로7길 14, 태원빌딩 지하1층 (잠실동)",
가상체험 체육시설업,스트라이크존 신천구장,"서울특별시 송파구 백제고분로9길 53, 지하1층 (잠실동)",
가상체험 체육시설업,기어스골프 동작분석 평가센터,"서울특별시 송파구 백제고분로37길 4, 지하1층 (석촌동)",
가상체험 체육시설업,스트라이크존 방이점,"서울특별시 송파구 오금로11길 11-8, 현대드림밸리 3층 301호~305호 (방이동)",
가상체험 체육시설업,스트라이크존 가락시장역구장,"서울특별시 송파구 양재대로62길 48, 남양빌딩 3층 301호,303호 (가락동)",
가상체험 체육시설업,진골프연습장,"서울특별시 송파구 거마로 12, 상형빌딩 4층 (거여동)",
가상체험 체육시설업,파로스 비젼 골프존,"서울특별시 송파구 도곡로64길 7-1, 파로스타워 지하1층 101, 102호 (잠실동)",
가상체험 체육시설업,에이원골프,"서울특별시 송파구 동남로29길 8-10, 퍼스트 스퀘어 3층 (오금동)",
가상체험 체육시설업,더 스윙,"서울특별시 송파구 송파대로49길 52, 석촌호수 나인파크 A a동 지하 1층 101호 (석촌동)",02-423-0223
가상체험 체육시설업,유디알 멤버스 더퍼스트 잠실,"서울특별시 송파구 올림픽로35가길 9, 잠실 푸르지오 월드마크 지하 1층 46~50호 (신천동, 잠실 푸르지오 월드마크)",
가상체험 체육시설업,골프존파크 가락 헬리오시티,"서울특별시 송파구 송파대로 345, 1A동 4015, 4021~3호 (가락동, 헬리오시티)",
가상체험 체육시설업,프렌즈스크린 문정법조타운,"서울특별시 송파구 법원로 114, 엠스테이트 E동 B206~209호 (문정동)",02-2283-1250
가상체험 체육시설업,(주)타이거홀딩스 더스윙블랙,"서울특별시 송파구 위례광장로 188, 아이온스퀘어 4층 (장지동)",02-401-0223
가상체험 체육시설업,와이즈 골프,"서울특별시 송파구 법원로11길 12, 한양타워 지하1층 (문정동)",
가상체험 체육시설업,BS 골프존,"서울특별시 송파구 마천로41길 22, 남양빌딩 지하1층 2호 (마천동)",02-430-7819
가상체험 체육시설업,차차플레이스 잠실점,"서울특별시 송파구 석촌호수로18길 8-14, 지층01호 (석촌동)",
가상체험 체육시설업,에이치비파크,"서울특별시 송파구 동남로20길 32, 지하1층 (가락동)",02-404-0046
가상체험 체육시설업,레인지엑스 잠실,"서울특별시 송파구 백제고분로 128, H타워 지하2층 (잠실동)",
가상체험 체육시설업,SW GOLF,"서울특별시 송파구 올림픽로35길 94, 지층 5-1호 (신천동, 장미3차맨션)",02-422-7454
가상체험 체육시설업,프리모 골프 스튜디오,"서울특별시 송파구 법원로 128, 문정에스케이브이원지엘메트로시티 제지하1층 BG 107호 108호 (문정동)",
가상체험 체육시설업,투빛골골프연습장,"서울특별시 송파구 석촌호수로 188, 비동 207호 (석촌동, 신동아로쟌뷰)",
가상체험 체육시설업,더블원골프 잠실점,"서울특별시 송파구 올림픽로8길 20, 잠실아이파크 B 101,102호 (잠실동)",02-421-1872
가상체험 체육시설업,프렌즈 골프아카데미,"서울특별시 송파구 동남로 238, 4층 (가락동)",070-7585-5295
가상체험 체육시설업,더존VSE골프연습장,"서울특별시 송파구 마천로 83, 제이에스빌딩 지하1층 (오금동)",02-6952-9110
가상체험 체육시설업,마이골프스튜디오,"서울특별시 송파구 올림픽로35길 10, 비동 213호 (신천동, 파크리오)",
체육교습업,점핑위즈 줄넘기 클럽,"서울특별시 송파구 위례광장로 199, 성희프라자 3층 306호 (장지동)",02-401-6126
체육교습업,오바른짐,"서울특별시 송파구 백제고분로 270, 지하1층 (삼전동)",02-415-5857
체육교습업,태승 축구아카데미,"서울특별시 송파구 오금로 457, 인창빌딩 지하1층 (거여동)",
체육교습업,송파스포츠클럽,"서울특별시 송파구 삼학사로 25-1, 지하1층 (삼전동)",
체육교습업,원스포츠아카데미,"서울특별시 송파구 오금로35길 17, B동 지하층 30호 (오금동, 현대아파트)",02-401-2510
체육교습업,송파탑스포츠,"서울특별시 송파구 백제고분로40길 36, 3층 (석촌동)",02-415-8805
체육교습업,누리다 움직임 연구소,"서울특별시 송파구 거마로 14, 청송빌딩 5층 (거여동)",02-418-1218
체육교습업,와이엔제이 스포츠 아카데미,"서울특별시 송파구 송파대로36가길 24, 현암빌딩 지하1층층 (송파동)",02-3401-0479
체육교습업,한국파워점핑줄넘기클럽 잠실점,"서울특별시 송파구 올림픽로 98, 성진빌딩 지하2층 (잠실동)",02-420-2530
